{
  "version": 1,
  "author": "Sergio Gasquez Arcos",
  "editor": "wokwi",
  "parts": [
    {
      "type": "board-esp32-devkit-c-v4",
      "id": "esp",
      "top": 662.4,
      "left": 43.24,
      "attrs": { "builder": "rust-nostd-esp" }
    },
    {
      "type": "wokwi-resistor",
      "id": "r1",
      "top": 1022.4,
      "left": 421.85,
      "rotate": 90,
      "attrs": { "value": "1000" }
    },
    {
      "type": "wokwi-led",
      "id": "led4",
      "top": -91,
      "left": -80,
      "attrs": { "color": "yellow", "flip": "" }
    },
    {
      "type": "wokwi-led",
      "id": "led5",
      "top": -90,
      "left": -40,
      "attrs": { "color": "green", "flip": "" }
    },
    {
      "type": "wokwi-led",
      "id": "led12",
      "top": -90,
      "left": -1,
      "attrs": { "color": "red", "flip": "" }
    },
    {
      "type": "wokwi-led",
      "id": "led15",
      "top": -90,
      "left": 40,
      "attrs": { "color": "green", "flip": "" }
    },
    {
      "type": "wokwi-led",
      "id": "led17",
      "top": -90,
      "left": 80,
      "attrs": { "color": "violet", "flip": "" }
    },
    {
      "type": "wokwi-led",
      "id": "led18",
      "top": -90,
      "left": 120,
      "attrs": { "color": "grey", "flip": "" }
    },
    {
      "type": "wokwi-led",
      "id": "led19",
      "top": -90,
      "left": 160,
      "attrs": { "color": "white", "flip": "" }
    },
    {
      "type": "wokwi-led",
      "id": "led21",
      "top": -90,
      "left": 200,
      "attrs": { "color": "brown", "flip": "" }
    }
  ],
  "connections": [
    [ "esp:TX", "$serialMonitor:RX", "", [] ],
    [ "esp:RX", "$serialMonitor:TX", "", [] ],
    [ "esp:GND.3", "led4:C", "black", [ "h700.8", "v700.8", "h-1171.2", "v-1478.4", "h261.4" ] ],
    [ "esp:4", "r1:1", "yellow", [ "h0" ] ],
    [ "led4:A", "r1:2", "yellow", [ "v154.6", "h-41", "v1132.8", "h547.2" ] ],
    [ "esp:5", "led5:A", "green", [ "h470.4", "v528", "h-816", "v-1161.6", "h186.6" ] ],
    [ "esp:12", "led12:A", "red", [ "h-47.85", "v105.6", "h-403.2", "v-729.6", "h427.2" ] ],
    [ "esp:15", "led15:A", "green", [ "h240", "v374.4", "h-422.4", "v-988.8", "h103.4" ] ],
    [ "esp:17", "led17:A", "violet", [ "h393.6", "v480", "h-691.2", "v-998.4", "h258.6" ] ],
    [ "esp:18", "led18:A", "grey", [ "h556.8", "v585.6", "h-950.4", "v-1036.8", "h394.6" ] ],
    [ "esp:19", "led19:A", "white", [ "h633.6", "v633.6", "h-1065.6", "v-1036.8", "h473" ] ],
    [ "esp:21", "led21:A", "brown", [ "h758.4", "v777.6", "h-1267.2", "v-1123.2", "h589.8" ] ],
    [ "esp:22", "led22:A", "blue", [ "h422.4", "v420", "h-590", "v-1188", "h85" ] ],
    [ "esp:23", "led23:A", "blue", [ "h422.4", "v420", "h-590", "v-1188", "h85" ] ],
    [ "esp:25", "led25:A", "blue", [ "h422.4", "v420", "h-590", "v-1188", "h85" ] ],
    [ "esp:26", "led26:A", "blue", [ "h422.4", "v420", "h-590", "v-1188", "h85" ] ],
    [ "led4:C", "led5:C", "black", [ "v20.2", "h-21.4", "v-67.2", "h48", "v66.2", "h13.4" ] ],
    [ "led5:C", "led12:C", "black", [ "v19.2", "h29.2" ] ],
    [ "led12:C", "led15:C", "black", [ "v19.2", "h29.2" ] ],
    [ "led15:C", "led17:C", "black", [ "v19.2", "h38.8" ] ],
    [ "led17:C", "led18:C", "black", [ "v19.2", "h38.8" ] ],
    [ "led18:C", "led19:C", "black", [ "v19.2", "h38.8" ] ],
    [ "led19:C", "led21:C", "black", [ "v19.2", "h38.8" ] ],
    [ "led21:C", "led22:C", "black", [ "v19.2", "h29.2" ] ],
    [ "led22:C", "led23:C", "black", [ "v19.2", "h29.2" ] ],
    [ "led23:C", "led25:C", "black", [ "v19.2", "h29.2" ] ],
    [ "led25:C", "led26:C", "black", [ "v19.2", "h29.2" ] ],
    [ "led8:C", "led9:C", "black", [ "v19.2", "h38.8" ] ]
  ],
  "serialMonitor": { "display": "terminal" },
  "dependencies": {}
}